,partenaire pour relance,Nom de l'entreprise,EP/ES,Ville,Code postal,"NAF Rév. 2, code principal (code)",Dernière année disponible,"Chiffre d'affaires
kEUR
Dernière année disp.",Raison sociale (partie 1),Raison sociale (partie 2),Numéro et voie,E-mail générique,Numéro de téléphone,"Nombre d'employés
Dernière année disp.",Activités
51.,,PERRIOL PRODUCTION,EP,ALBON,26140,0161Z,30/06/2014,1 157,PERRIOL PRODUCTION,ESPACE ECONOMI AXE 7,LES MARRONS,,,1,Activités de soutien aux cultures
212.,,HYPHARM,ES,ALBON,26140,0149Z,,n.d.,HYPHARM,,FONT FLACHIER,grimaudfreres@grimaudfreres.com,04 75 31 41 17,n.d.,Élevage d'autres animaux
164.,,SARL DAUTHEVILLE TRAITEUR,EP,ALBOUSSIERE,07440,1013B,31/03/2014,213,SARL DAUTHEVILLE TRAITEUR,,ZONE ARTISANALE LA CHALAYE,,04 75 40 66 26,n.d.,Charcuterie
211.,,HM CLAUSE,ES,ALIXAN,26300,0113Z,,n.d.,HM.CLAUSE,,AVENUE DE LA GARE,contact@hmclause.com,,n.d.,"Culture de légumes, de melons, de racines et de tubercules"
232.,,SARL HORTICOLE DES CHARMES,ES,ANNEYRON,26140,0130Z,,n.d.,SARL HORTICOLE DES CHARMES,,QUARTIER DES ROUGES,,04 75 31 61 44,n.d.,Reproduction de plantes
150.,,SARL AUX DELICES D'ARLANDES,EP,ANNEYRON,26140,1071C,31/12/2013,256,SARL AUX DELICES D'ARLANDES,,50 RUE MAURICE FAURE,,04 75 31 43 75,3,Boulangerie et boulangerie-pâtisserie
213.,,KERRY INGREDIENTS FRANCE,ES,ANNEYRON,26140,1082Z,,n.d.,KERRY INGREDIENTS FRANCE,KERRI APTUNION KERRY PSF KERRY RAVIFRU,LES JOMARDS,,04 74 84 08 53,n.d.,"Fabrication de cacao, chocolat et de produits de confiserie"
19.,,CARAMANFRUIT RHONE-ALPES,EP,ANNEYRON,26140,1039B,31/12/2013,9 153,CARAMANFRUIT RHONE ALPES,,FONDEVILLE ET CAREMENTRAND,contact@caramanfruit.fr,04 75 31 65 70,n.d.,Transformation et conservation de fruits
15.,,CAP'FRUIT,EP,ANNEYRON,26140,1039B,31/12/2013,20 000,CAP FRUIT,,230 ROUTE DE FONDEVILLE,info@capfruit.com,04 75 31 40 22,n.d.,Transformation et conservation de fruits
20.,,DEROUX FRERES,EP,ARTHEMONAY,26260,0147Z,31/12/2013,6 512,DEROUX FRERES,,1330 C ROUTE DE LA VERNE,oeufdescollines@wanadoo.fr,04 75 45 66 75,15,Élevage de volailles
90.,,SCEA LA THONINIERE,EP,BEAUCHASTEL,07800,0124Z,31/12/2013,551,SCEA LA THONINIERE,,,,,n.d.,Culture de fruits à pépins et à noyau
73.,,SARL MAX MELLOR,EP,BEAUMONT LES VALENCE,26760,1071C,30/09/2014,719,SARL MAX MELLOR,,ROUTE DE VALENCE,,04 75 59 50 32,12,Boulangerie et boulangerie-pâtisserie
133.,,FERME DES VOLONTEUX,EP,BEAUMONT LES VALENCE,26760,0113Z,31/12/2013,299,FERME DES VOLONTEUX,LA FERME LES VOLONTEUX,LE VOLONTEUX,,04 75 25 71 56,n.d.,"Culture de légumes, de melons, de racines et de tubercules"
32.,,SCA CAVE DES CLAIRMONTS,EP,BEAUMONT MONTEUX,26600,1102B,31/07/2014,2 323,SCA CAVE DES CLAIRMONTS,,755 ROUTE DES VIGNES,contact@cavedeclairmont.com,04 75 84 61 91,7,Vinification
59.,,DAVID REYNAUD,EP,BEAUMONT MONTEUX,26600,1102B,31/07/2014,973,DAVID REYNAUD,,12 CHEMIN DU STADE,,,n.d.,Vinification
134.,,AUX DELICES DU PALAIS,EP,BEAUMONT MONTEUX,26600,1071C,2010,297,AUX DELICES DU PALAIS,,ROUTE DU VERCORS,,04 75 84 83 81,n.d.,Boulangerie et boulangerie-pâtisserie
138.,,JARDIN DE BRUYERE,EP,BEAUSEMBLANT,26240,0119Z,31/08/2014,291,JARDIN DE BRUYERE,,,,,1,Autres cultures non permanentes
47.,,LA DUCALE CHIPS ARTISANALES,EP,BOFFRES,07440,1031Z,31/03/2013,1 380,LA DUCALE CHIPS ARTISANALES,,LES BARRIERS,,04 75 80 49 50,n.d.,Transformation et conservation de pommes de terre
194.,,AOSTE SNC OU A SNC,ES,BOFFRES,07440,1013A,,n.d.,AOSTE SNC OU A SNC,JAMBON,ROUTE DE VERNOUX,recrutement@campofriofg.com,,n.d.,Préparation industrielle de produits à base de viande
132.,,SARL LIONNETON,EP,BOURG DE PEAGE,26300,1071C,31/07/2013,300,SARL LIONNETON,,AVENUE GEORGES POMPIDOU,,04 75 70 48 54,5,Boulangerie et boulangerie-pâtisserie
228.,,SAINT JEAN,ES,BOURG DE PEAGE,26300,1073Z,,n.d.,SAINT JEAN,RAVIOLES ROYANS RAVIOLE ST JEAN ROYA,QUARTIER DES GEORGEONNES,saint-jean@raviole.com,04 75 72 31 31,n.d.,Fabrication de pâtes alimentaires
226.,,PODIS PODIS,ES,BOURG DE PEAGE,26300,1071A,,n.d.,PODIS,,35 ALLEE DE SAVOIE,,,n.d.,Fabrication industrielle de pain et de pâtisserie fraîche
23.,,LES DELICES DAUPHINOIS,EP,BOURG DE PEAGE,26300,1071A,31/12/2013,4 876,LES DELICES DAUPHINOIS,21 SUD,21 ALLEE DU ROYANS,,04 75 71 23 01,n.d.,Fabrication industrielle de pain et de pâtisserie fraîche
56.,,LA BANETIERE,EP,BOURG DE PEAGE,26300,1071C,30/09/2014,1 089,LA BANETIERE,,40 ALLEE DE PICARDIE,,04 75 02 57 96,n.d.,Boulangerie et boulangerie-pâtisserie
34.,,DROME SALAISONS,EP,BOURG DE PEAGE,26300,1013A,31/07/2013,2 021,DROME SALAISONS,,ALLEE DU DAUPHINE,,04 75 72 14 80,12,Préparation industrielle de produits à base de viande
64.,,BOULANG PATISSERIE JEAN CHARLES PASCALIS,EP,BOURG DE PEAGE,26300,1071C,31/12/2013,853,BOULANG PATISSERIE JEAN CHARLES PASCAL,,86 GRANDE RUE JEAN JAURES,info@pascalis.com,04 75 02 08 46,n.d.,Boulangerie et boulangerie-pâtisserie
216.,,LE FOURNIL DE VINCENT LE FORNIL DE VINCENT,ES,BOURG LES VALENCE,26500,1071C,,n.d.,LE FOURNIL DE VINCENT,LE VILLAGE D ALLET,4 AVENUE JEAN MOULIN,,04 75 43 19 18,n.d.,Boulangerie et boulangerie-pâtisserie
93.,,LE FOURNIL DE VINCENT,EP,BOURG LES VALENCE,26500,1071C,30/06/2014,514,LE FOURNIL DE VINCENT,LE VILLAGE D ALLET,36 PASSAGE MARCEL PAUL,,04 75 83 96 85,n.d.,Boulangerie et boulangerie-pâtisserie
202.,,CREASUCRE,ES,BOURG LES VALENCE,26500,1071C,,n.d.,CREASUCRE,,7 RUE DU PESCADOU,,04 75 43 58 21,n.d.,Boulangerie et boulangerie-pâtisserie
117.,,CREACHOC,EP,BOURG LES VALENCE,26500,1071C,30/09/2013,374,CREACHOC,,2 AVENUE JEAN MOULIN,,04 75 78 00 93,3,Boulangerie et boulangerie-pâtisserie
154.,,BERGAMA,EP,BOURG LES VALENCE,26500,1071C,31/12/2013,242,BERGAMA,,17 RUE DU DOCTEUR CHARLES PONSOYE,,04 75 43 26 98,1,Boulangerie et boulangerie-pâtisserie
82.,,BEC BOURG,EP,BOURG LES VALENCE,26500,1071C,30/09/2013,638,BEC BOURG,MAGASIN GRAND FRAIS SNC DU VERGER,MONTEE DU LONG,,04 75 60 51 34,n.d.,Boulangerie et boulangerie-pâtisserie
42.,,SAS CHRYSTEL PRIMEURS,EP,BREN,26260,1039B,31/03/2014,1 722,SAS CHRYSTEL PRIMEURS,,LES PIERRELLES,,04 75 45 17 58,11,Transformation et conservation de fruits
43.,,SARL SILOS DE LA BOURNE,EP,CHABEUIL,26120,1091Z,30/09/2014,1 460,SARL SILOS DE LA BOURNE,,QUARTIER FREYDIER,,04 75 59 03 39,n.d.,Fabrication d'aliments pour animaux de ferme
174.,,LESICKI TRAITEUR,EP,CHABEUIL,26120,1013B,31/05/2014,189,LESICKI TRAITEUR,,7 RUE DU FAUBOURG DE L HOPITAL,,04 75 59 04 18,1,Charcuterie
95.,,LE BANETIER DE LA FUSEE,EP,CHABEUIL,26120,1071C,31/12/2013,497,LE BANETIER DE LA FUSEE,,ZONE ARTISANALE DES GOUVERNAUX,,04 75 55 95 22,7,Boulangerie et boulangerie-pâtisserie
50.,,LA DRAGEE DE VALENCE,EP,CHABEUIL,26120,1082Z,31/12/2013,1 250,LA DRAGEE DE VALENCE,,7 IMPASSE CHARLES GARNIER,info@drageepraline.com,04 75 43 02 57,9,"Fabrication de cacao, chocolat et de produits de confiserie"
110.,,JAJECO,EP,CHABEUIL,26120,1071C,31/03/2014,438,JAJECO,,11 PLACE GENISSIEU,,04 75 59 03 51,8,Boulangerie et boulangerie-pâtisserie
209.,,GERENTES,ES,CHABEUIL,26120,1051C,,n.d.,GERENTES,,ROUTE DE VALENCE,laiterie@gerentes-sa.fr,,n.d.,Fabrication de fromage
205.,,EMILE BEC BOULANGERIE EMILE BEC,ES,CHABEUIL,26120,1071C,,n.d.,EMILE BEC,CARREFOUR DE FRANCE,2 RUE MARIUS CHATTE,,,n.d.,Boulangerie et boulangerie-pâtisserie
49.,,DAME BLANCHE,EP,CHABEUIL,26120,0161Z,30/06/2014,1 356,DAME BLANCHE,,QUARTIER LES PERRINES,,04 75 59 08 77,6,Activités de soutien aux cultures
29.,,COMPTOIR DROMOIS DES VIANDES,EP,CHABEUIL,26120,1013A,31/12/2013,2 613,COMPTOIR DROMOIS DES VIANDES,,RUE MARIUS CHATTE,,04 75 59 09 79,n.d.,Préparation industrielle de produits à base de viande
175.,,SARL MIELLERIE DE CHANTECLAIR,EP,CHALENCON,07240,0149Z,31/12/2013,185,SARL MIELLERIE DE CHANTECLAIR,,,,04 75 58 02 76,1,Élevage d'autres animaux
89.,,ALICS,EP,CHANOS CURSON,26600,1071C,31/12/2013,567,ALICS,AUTANT DE PAINS,RUE DES HAUCHES,,04 75 07 33 54,13,Boulangerie et boulangerie-pâtisserie
4.,,ANTARTIC II,EP,CHARMES SUR RHONE,07800,1061B,31/12/2013,63 692,ANTARTIC II,,CHAMP TRENTENIER,ingredients@antartic2.fr,04 75 60 82 50,157,Autres activités du travail des grains
33.,,CHARCUTERIE DES LIMOUCHES,EP,CHATEAUDOUBLE,26120,1013A,30/11/2013,2 208,CHARCUTERIE DES LIMOUCHES,,QUARTIER LES ALLEMANDS,chomaratgilles@yahoo.fr,04 75 59 80 77,n.d.,Préparation industrielle de produits à base de viande
22.,,LES VOLAILLERS DU DAUPHINE CAPAG,EP,CHATEAUNEUF DE GALAURE,26330,1012Z,30/09/2014,5 228,LES VOLAILLERS DU DAUPHINE CAPAG,,LES AIRS,capagbureau@orange.fr,04 75 68 62 73,47,Transformation et conservation de la viande de volaille
130.,,DOCHER FRERES,EP,CHATEAUNEUF DE GALAURE,26330,0161Z,31/12/2013,303,DOCHER FRERES,,QUARTIER LE PLOMB,,04 75 68 61 19,4,Activités de soutien aux cultures
161.,,DROME CAPTURE EFFAROUCHEMENT,EP,CHATEAUNEUF SUR ISERE,26300,0149Z,31/12/2014,220,DROME CAPTURE EFFAROUCHEMENT,,2945 ROUTE DU PEAGE,,,n.d.,Élevage d'autres animaux
104.,,SARL DOMAINE AVICOLE DU GOUBET,EP,CHATUZANGE LE GOUBET,26300,0147Z,30/06/2014,460,SARL DOMAINE AVICOLE DU GOUBET,,QUARTIER DU TREMOLET,,09 67 35 97 32,2,Élevage de volailles
97.,,LE FOURNIL DU GOUBET,EP,CHATUZANGE LE GOUBET,26300,1071C,31/12/2013,496,LE FOURNIL DU GOUBET,,21 RUE DES MONTS DU MATIN,,04 75 47 23 04,n.d.,Boulangerie et boulangerie-pâtisserie
31.,,DROM'ALIMENTS,EP,CHATUZANGE LE GOUBET,26300,1091Z,31/12/2013,2 360,DROM ALIMENTS,,810 CHEMIN DES CHOPIS,benoit.dromoeufs@orange.fr,04 75 72 46 43,1,Fabrication d'aliments pour animaux de ferme
197.,,BERNARD ROYAL DAUPHINE SA,ES,CHATUZANGE LE GOUBET,26300,1011Z,,n.d.,BERNARD ROYAL DAUPHINE SA,,PARVIS SAINT BARNARD,contact-brd@gastronome.fr,04 75 70 35 33,n.d.,Transformation et conservation de la viande de boucherie
144.,,5 J,EP,CHATUZANGE LE GOUBET,26300,0161Z,30/04/2013,275,5 J,,LA SIZERANNE,,,1,Activités de soutien aux cultures
79.,,GB PLANTS,EP,CHAVANNES,26260,0119Z,31/12/2013,675,GB PLANTS,,644 CHEMIN DES SABLES,,,n.d.,Autres cultures non permanentes
208.,,GB PLANTS,ES,CHAVANNES,26260,0119Z,,n.d.,GB PLANTS,,QUARTIER CON RING,,04 75 05 20 14,n.d.,Autres cultures non permanentes
196.,,AUX DELICES DU PALAIS,ES,CLERIEUX,26260,1071C,,n.d.,AUX DELICES DU PALAIS,,IMPASSE DES REMPARTS,,,n.d.,Boulangerie et boulangerie-pâtisserie
48.,,SERRES DES LACS,EP,CORNAS,07130,0130Z,30/06/2014,1 359,SERRES DES LACS,,CHEMIN DES PEYROUSES,,04 75 40 34 52,n.d.,Reproduction de plantes
160.,,E.A.R.L. LEMENICIER,EP,CORNAS,07130,0121Z,31/07/2013,223,E.A.R.L. LEMENICIER,,,,04 75 81 00 57,n.d.,Culture de la vigne
11.,,DROME LAPINS,EP,CREPOL,26350,1011Z,31/12/2013,30 124,DROME LAPINS,,,dromelapin@loeul-et-piriot.com,04 75 45 63 21,n.d.,Transformation et conservation de la viande de boucherie
25.,,FROMAGERIE DU VIVARAIS,EP,DESAIGNES,07570,1051C,30/06/2014,3 616,FROMAGERIE DU VIVARAIS,,LES PELISSONS,,04 75 06 62 71,n.d.,Fabrication de fromage
153.,,TEIRE ET FILS,EP,ETOILE SUR RHONE,26800,0161Z,31/12/2013,243,TEIRE ET FILS,,CHEMIN DE NAZARETH,,04 75 60 63 01,2,Activités de soutien aux cultures
169.,,SARL LES JARDINS DU VERCORS,EP,ETOILE SUR RHONE,26800,0119Z,31/12/2013,205,SARL LES JARDINS DU VERCORS,,QUARTIER LES BOSSES,,04 75 57 31 71,2,Autres cultures non permanentes
131.,,SARL CLEYSSAC FRERES,EP,ETOILE SUR RHONE,26800,0161Z,31/12/2013,300,SARL CLEYSSAC FRERES,,700 CHEMIN DE CHERION,,04 75 57 12 07,4,Activités de soutien aux cultures
6.,,PATISSERIE PASQUIER ETOILE,EP,ETOILE SUR RHONE,26800,1071A,31/12/2013,46 896,PATISSERIE PASQUIER ETOILE,,640 RUE DU MONT BRIAND,pasquier@pasquier.fr,04 75 57 89 00,161,Fabrication industrielle de pain et de pâtisserie fraîche
223.,,OLAGRI SEMENCES,ES,ETOILE SUR RHONE,26800,0161Z,,n.d.,OLAGRI SEMENCES,,QUARTIER MARCELLAS,,04 75 83 77 70,n.d.,Activités de soutien aux cultures
139.,,EARL DE NAZARETH,EP,ETOILE SUR RHONE,26800,0111Z,31/12/2013,290,EARL DE NAZARETH,CHEZ MME TEIRE,CHEMIN DE NAZARETH,,04 75 60 63 01,n.d.,"Culture de céréales (à l'exception du riz), de légumineuses et de graines oléagineuses"
2.,,BRIOCHE PASQUIER ETOILE,EP,ETOILE SUR RHONE,26800,1071A,31/12/2013,85 904,BRIOCHE PASQUIER ETOILE,,475 ROUTE DE PORTES LES VALENCE,accueilbps@pasquier.fr,04 75 57 65 00,229,Fabrication industrielle de pain et de pâtisserie fraîche
92.,,JP VOUILLON,EP,GENISSIEUX,26750,1071C,31/03/2014,520,JP VOUILLON,,ZONE ARTISANALE LA COLLINE,,04 75 05 08 60,8,Boulangerie et boulangerie-pâtisserie
224.,,PARET LOUZE,ES,GRANGES LES BEAUMONT,26600,0124Z,,n.d.,PARET LOUZE,,205 A IMPASSE DES CHAMBRES,paret-louze@terre-net.fr,04 75 71 56 45,n.d.,Culture de fruits à pépins et à noyau
143.,,PAGC,EP,GUILHERAND GRANGES,07500,1071D,30/09/2013,280,PAGC,,254 AVENUE SADI CARNOT,,04 75 43 64 92,2,Pâtisserie
70.,,LE FOURNIL DE LAETI,EP,GUILHERAND GRANGES,07500,1071C,31/12/2013,748,LE FOURNIL DE LAETI,,1400 AVENUE DE LA REPUBLIQUE,lefournildelaeti1@gmail.com,04 75 81 23 19,n.d.,Boulangerie et boulangerie-pâtisserie
68.,,LA MEULE DE PIERRE,EP,GUILHERAND GRANGES,07500,1071C,31/12/2013,822,LA MEULE DE PIERRE,,1450 AVENUE SADI CARNOT,,04 75 55 47 88,14,Boulangerie et boulangerie-pâtisserie
114.,,KGRO,EP,GUILHERAND GRANGES,07500,1071C,30/09/2013,386,KGRO,,410 RUE PASTEUR,,04 75 44 26 41,8,Boulangerie et boulangerie-pâtisserie
116.,,PERUCCA,EP,HAUTERIVES,26390,1071C,31/12/2013,376,PERUCCA,,ROUTE ROMANS,,04 75 68 98 05,6,Boulangerie et boulangerie-pâtisserie
159.,,ENTREPRISE TRAVAUX AGRICOLES PEYRARD MICKAEL,EP,LA BAUME CORNILLANE,26120,0161Z,31/03/2014,223,ENTR TRAVAUX AGRICOLES PEYRARD MICKAEL,,QUARTIER LES MOULINS,,04 75 59 38 41,n.d.,Activités de soutien aux cultures
157.,,AUX SAVEURS DE LA GALAURE,EP,LA MOTTE DE GALAURE,26240,1071C,30/09/2013,234,AUX SAVEURS DE LA GALAURE,LES LAVANDIERES,LES LAVANDIERES,,04 75 03 16 50,1,Boulangerie et boulangerie-pâtisserie
231.,,SARL CEPTENTRION'AL CEPTENTRION'AL,ES,LA ROCHE DE GLUN,26600,0161Z,,n.d.,SARL CEPTENTRION AL,,ZONE INDUSTRIELLE,,,n.d.,Activités de soutien aux cultures
72.,,SARL CEPTENTRION'AL,EP,LA ROCHE DE GLUN,26600,0161Z,31/10/2014,731,SARL CEPTENTRION AL,,ZONE ARTISANALE LA CROIX DES MARAIS,,06 13 16 46 36,17,Activités de soutien aux cultures
27.,,DOMAINES JABOULET,EP,LA ROCHE DE GLUN,26600,0121Z,31/12/2013,3 230,DOMAINES JABOULET,,ROUTE NATIONALE,info@jaboulet.com,04 75 09 79 37,n.d.,Culture de la vigne
140.,,REGAL,EP,LA VOULTE SUR RHONE,07800,1071C,31/03/2014,286,REGAL,,RUE RAMPON,,04 75 56 26 32,n.d.,Boulangerie et boulangerie-pâtisserie
14.,,LE MOULIN DE LA CHAUME,EP,LA VOULTE SUR RHONE,07800,1071A,31/12/2013,22 453,LE MOULIN DE LA CHAUME,,179 AVENUE MARIE CURIE,,04 75 62 46 30,82,Fabrication industrielle de pain et de pâtisserie fraîche
137.,,AURELIEN FOURNIER,EP,LA VOULTE SUR RHONE,07800,1071D,30/06/2014,291,AURELIEN FOURNIER,,13 AVENUE MARX DORMOY,,04 75 62 41 58,2,Pâtisserie
122.,,LE PETIT MOULIN,EP,LAMASTRE,07270,1071C,31/03/2014,341,LE PETIT MOULIN,,8 AVENUE BOISSY D ANGLAS,,04 75 06 40 93,6,Boulangerie et boulangerie-pâtisserie
180.,,LE BOUTE HORS,EP,LAMASTRE,07270,1071C,30/06/2014,175,LE BOUTE HORS,,28 RUE FERDINAND HEROLD,,04 75 06 43 95,2,Boulangerie et boulangerie-pâtisserie
120.,,BOULANGERIE LE PAIN D'ANTAN,EP,LAMASTRE,07270,1071C,30/09/2013,368,BOULANGERIE LE PAIN D ANTAN,,18 PLACE MONTGOLFIER,,04 75 06 42 46,8,Boulangerie et boulangerie-pâtisserie
121.,,BOULANGERIE PATISSERIE LES DEUX RIVES,EP,LAVEYRON,26240,1071C,30/09/2013,363,BOULANGERIE PATISSERIE LES DEUX,RIVES,33 AVENUE DES CHENES,,04 75 23 50 11,n.d.,Boulangerie et boulangerie-pâtisserie
141.,,LA PETRIE DU MICK,EP,LE CHEYLARD,07160,1071C,30/09/2013,283,LA PETRIE DU MICK,,7 RUE DE LA REPUBLIQUE,,04 75 29 48 92,4,Boulangerie et boulangerie-pâtisserie
12.,,SOLE MIO,EP,MALISSARD,26120,1085Z,31/12/2013,25 000,SOLE MIO,,ZONE ARTISANALE DU GUIMAND,f.magno@solemio.fr,04 75 85 47 74,n.d.,Fabrication de plats préparés
55.,,PEPINIERES DU VAL D'OR,EP,MANTHES,26210,0124Z,31/07/2014,1 091,PEPINIERES DU VAL D OR,,ROUTE DE LA GARE,,04 75 31 91 94,n.d.,Culture de fruits à pépins et à noyau
52.,,SARL GRIMAUD,EP,MARCHES,26300,1013A,31/03/2014,1 150,SARL GRIMAUD,CHARCUTERIE,QUAI PRE BRUN,,04 75 47 33 09,8,Préparation industrielle de produits à base de viande
3.,,REFRESCO LE QUESNOY,EP,MARGES,26260,1032Z,31/12/2013,65 000,REFRESCO LE QUESNOY,,2885 ROUTE DES PANGONS,,04 75 45 44 44,n.d.,Préparation de jus de fruits et légumes
118.,,ETS JEAN FERLAY,EP,MARGES,26260,1071C,30/09/2013,373,ETS JEAN FERLAY,,770 ROUTE DES DAUPHINS,,04 75 45 70 80,6,Boulangerie et boulangerie-pâtisserie
234.,,SARL LE PRIEURE,ES,MERCUROL,26600,0130Z,,n.d.,SARL LE PRIEURE,,ZONE ARTISANALE DES LOTS,info@vegetalid.com,,n.d.,Reproduction de plantes
7.,,M CHAPOUTIER S A,EP,MERCUROL,26600,1102B,31/12/2013,42 970,M CHAPOUTIER S A,,18 AVENUE DU DOCTEUR PAUL DURAND,chapoutier@chapoutier.com,04 75 08 28 65,162,Vinification
218.,,M CHAPOUTIER S A,ES,MERCUROL,26600,1102B,,n.d.,M CHAPOUTIER S A,,ALLEE DU MILLESIME,chapoutier@chapoutier.com,,n.d.,Vinification
220.,,M CHAPOUTIER S A,ES,MERCUROL,26600,1102B,,n.d.,M CHAPOUTIER S A,,ALLEE DU BERGERON,chapoutier@chapoutier.com,,n.d.,Vinification
84.,,LA TERRINE,EP,MERCUROL,26600,0111Z,31/12/2013,631,LA TERRINE,LE MOULIN NORD,LE MOULIN NORD,,04 75 07 46 65,7,"Culture de céréales (à l'exception du riz), de légumineuses et de graines oléagineuses"
69.,,ELEVAGE MANUTENT AVICOLE BAT INDUSTRIELS,EP,MIRIBEL,26350,0147Z,31/12/2013,777,ELEVAGE MANUTENT AVICOLE BAT INDUSTRIE,,LIEU DIT DEVEAU,,04 75 71 70 82,n.d.,Élevage de volailles
9.,,UCAB,EP,MONTELIER,26120,1091Z,30/06/2014,38 808,UCAB,UCAB,QUARTIER LA PIMPIE,,04 75 25 05 57,n.d.,Fabrication d'aliments pour animaux de ferme
78.,,AGC,EP,MONTELIER,26120,1071C,31/12/2013,675,AGC,,RUE DES PREALPES,,04 75 57 26 14,9,Boulangerie et boulangerie-pâtisserie
168.,,VIGNARD PERE ET FILS,EP,MONTMEYRAN,26120,0161Z,31/12/2013,206,VIGNARD PERE ET FILS,,QUARTIER BOIS GROS,,,n.d.,Activités de soutien aux cultures
181.,,SARL PETIT BONHEUR,EP,MONTMEYRAN,26120,1071C,31/12/2013,170,SARL PETIT BONHEUR,,PLACE DU TEMPLE,,04 75 83 71 03,1,Boulangerie et boulangerie-pâtisserie
235.,,SARL MAX MELLOR,ES,MONTMEYRAN,26120,1071C,,n.d.,SARL MAX MELLOR,,,,,n.d.,Boulangerie et boulangerie-pâtisserie
222.,,NUTRI BOURGOGNE,ES,MONTMEYRAN,26120,1091Z,,n.d.,NUTRI BOURGOGNE,,QUARTIER LES VIANDONS,contact@duc.fr,,n.d.,Fabrication d'aliments pour animaux de ferme
204.,,DUC,ES,MONTMEYRAN,26120,1012Z,,n.d.,DUC,,ROUTE DE CREST,contact.duc@duc.fr,04 75 59 44 20,n.d.,Transformation et conservation de la viande de volaille
74.,,PEPINIERES ROUX,EP,MONTVENDRE,26120,0130Z,30/06/2014,714,PEPINIERES ROUX,,QUARTIER LES BEALETS,pepinieres.roux@wanadoo.fr,04 75 59 06 03,14,Reproduction de plantes
71.,,DISTILLERIE OGIER,EP,MORAS EN VALLOIRE,26210,1101Z,31/12/2013,748,DISTILLERIE OGIER,,QUARTIER FONTBLANCHET,distillerie.ogier.m@wanadoo.fr,04 75 23 69 15,6,Production de boissons alcooliques distillées
60.,,VINCENT,EP,MOURS ST EUSEBE,26540,1071C,30/06/2014,922,VINCENT,,PLACE DU CHAMP DE MARS,,04 75 02 37 10,11,Boulangerie et boulangerie-pâtisserie
38.,,SGS AGRAL,EP,MOURS ST EUSEBE,26540,1073Z,31/12/2013,1 737,SGS AGRAL,,LES CHAMBARDS,contact@raviolesmeremaury.com,04 75 02 09 00,17,Fabrication de pâtes alimentaires
37.,,SAS ARTHAUD LES SERRES DES ROSETTES,EP,MOURS ST EUSEBE,26540,0119Z,31/12/2014,1 803,SAS ARTHAUD LES SERRES DES ROSETTES,,LES SABOTS ET ROSETTE,,04 75 70 52 31,16,Autres cultures non permanentes
36.,,ROMANS SALAISONS,EP,MOURS ST EUSEBE,26540,1013A,31/12/2014,1 820,ROMANS SALAISONS,,LES REVOLS,romans-salaisons@wanadoo.fr,04 75 72 67 95,n.d.,Préparation industrielle de produits à base de viande
187.,,LOJATI,EP,MOURS ST EUSEBE,26540,1071B,31/07/2014,141,LOJATI,,23 RUE DES DAHLIAS,,04 69 28 12 06,2,Cuisson de produits de boulangerie
63.,,SARL MORIN JEAN-CLAUDE ET FILS,EP,PEYRINS,26380,0161Z,31/03/2014,869,SARL MORIN JEAN CLAUDE ET FILS,,QUARTIER MONTGRENIER,,04 75 02 14 26,6,Activités de soutien aux cultures
148.,,MAGNAT TRAVAUX AGRICOLES,EP,PEYRUS,26120,0161Z,31/12/2013,257,MAGNAT TRAVAUX AGRICOLES,,QUARTIER LES PEYROUSES,,04 75 59 89 21,1,Activités de soutien aux cultures
67.,,TOUFRAIS,EP,PONT DE L ISERE,26600,1051C,31/12/2013,838,TOUFRAIS,,450 ROUTE DE LYON,toufrais@libertysurf.fr,04 75 84 61 02,8,Fabrication de fromage
26.,,SYL GEL,EP,PONT DE L ISERE,26600,1039A,31/03/2014,3 611,SYL GEL,,20 CHEMIN DES CHARASSIS,,04 75 84 64 88,7,Autre transformation et conservation de légumes
24.,,MCD,EP,PONT DE L ISERE,26600,1039A,31/12/2012,3 704,MCD,CHAMSYL,22 CHEMIN DES CHARASSIS,,,n.d.,Autre transformation et conservation de légumes
127.,,EURL REY MICHEL,EP,PONT DE L ISERE,26600,1071C,30/06/2013,315,EURL REY MICHEL,,14 AVENUE DU 45E PARALLELE,,04 75 84 52 01,6,Boulangerie et boulangerie-pâtisserie
199.,,BRIDOR PATISSERIE,ES,PONT DE L ISERE,26600,1071A,,n.d.,BRIDOR PATISSERIE,,CHEMIN DES PAUTUS,beavoisin@le-duff.com,,n.d.,Fabrication industrielle de pain et de pâtisserie fraîche
16.,,BONTOUT SA,EP,PONT DE L ISERE,26600,1039A,31/03/2014,12 001,BONTOUT SA,,24 CHEMIN DES CHARASSIS,bontout.sa@bontout.fr,04 75 84 64 88,20,Autre transformation et conservation de légumes
96.,,AU PAIN DES ANGES,EP,PONT DE L ISERE,26600,1071C,30/06/2014,497,AU PAIN DES ANGES,,6 AVENUE DU 45E PARALLELE,,04 75 59 14 53,8,Boulangerie et boulangerie-pâtisserie
46.,,ALAIN GRAILLOT,EP,PONT DE L ISERE,26600,0121Z,31/07/2014,1 405,ALAIN GRAILLOT,,105 CHEMIN DES CHENES VERTS,graillot.alain@wanadoo.fr,04 75 84 67 52,n.d.,Culture de la vigne
239.,,UNILEVER FRANCE,ES,PORTES LES VALENCE,26800,1041B,,n.d.,UNILEVER FRANCE,,LES AUREATS,contact@unilever.com,,n.d.,Fabrication d'huiles et graisses raffinées
58.,,MARGERIE,EP,PORTES LES VALENCE,26800,1039B,30/06/2014,1 010,MARGERIE,,335 CHEMIN DE L OLAGNIER,fermemargerie@aol.com,04 75 57 49 98,2,Transformation et conservation de fruits
186.,,LE FOURNIL,EP,PORTES LES VALENCE,26800,1071C,31/03/2014,165,LE FOURNIL,,CENTRE COMMERCIAL,,,3,Boulangerie et boulangerie-pâtisserie
214.,,LA BOULANGERIE BF,ES,PORTES LES VALENCE,26800,1071C,,n.d.,LA BOULANGERIE BF,,AV DU PRESIDENT SALVADOR ALLENDE,,04 75 82 91 55,n.d.,Boulangerie et boulangerie-pâtisserie
1.,,HM CLAUSE,EP,PORTES LES VALENCE,26800,0113Z,30/06/2014,142 112,HM.CLAUSE,,RUE LOUIS SAILLANT,contact@hmclause.com,04 75 57 57 57,563,"Culture de légumes, de melons, de racines et de tubercules"
201.,,CHARLES & ALICE EURO DAUFRUIT,ES,PORTES LES VALENCE,26800,1039B,,n.d.,CHARLES & ALICE,,65 RUE JEAN JAURES,contact@charlesetalice.fr,04 75 57 05 64,n.d.,Transformation et conservation de fruits
44.,,ALTERPANIS,EP,PORTES LES VALENCE,26800,1071C,31/12/2013,1 428,ALTERPANIS,HONORIN BOULANGERIE,1368 AV DU PRESIDENT SALVADOR ALLENDE,,04 75 25 11 16,n.d.,Boulangerie et boulangerie-pâtisserie
162.,,VINCENT TEOULLE,EP,PRIVAS,07000,1071D,30/06/2014,220,VINCENT TEOULLE,,10 RUE DE LA REPUBLIQUE,,04 75 64 09 58,3,Pâtisserie
167.,,SARL LA GERBE D'OR,EP,PRIVAS,07000,1071C,30/09/2013,206,SARL LA GERBE D OR,,4 RUE DIANE DE POITIERS,,04 75 64 67 50,2,Boulangerie et boulangerie-pâtisserie
185.,,SABRINA ET CYRILLE,EP,PRIVAS,07000,1071C,31/12/2013,168,SABRINA ET CYRILLE,,4 RUE HELENE DURAND,,,1,Boulangerie et boulangerie-pâtisserie
91.,,LE MOULIN DU LAC,EP,PRIVAS,07000,1071C,31/03/2014,545,LE MOULIN DU LAC,,1709 BOULEVARD DU VIVARAIS,,04 75 30 72 89,5,Boulangerie et boulangerie-pâtisserie
108.,,JOEL PATOUILLARD,EP,PRIVAS,07000,1082Z,30/06/2014,444,JOEL PATOUILLARD,,55 AVENUE LOUIS NEEL,,04 75 64 77 38,4,"Fabrication de cacao, chocolat et de produits de confiserie"
128.,,AURELIEN PONSONNET,EP,PRIVAS,07000,1071D,30/06/2014,312,AURELIEN PONSONNET,,11 RUE HELENE DURAND,,,n.d.,Pâtisserie
142.,,ANCIENS ETABLISSEMENTS CHOLVY-ARTIGE,EP,PRIVAS,07000,1082Z,30/04/2014,281,ANCIENS ETABLISSEMENTS CHOLVY ARTIGE,,12 AVENUE DU VANEL,cholvyartige@yahoo.fr,04 75 64 10 31,2,"Fabrication de cacao, chocolat et de produits de confiserie"
21.,,SOCIETE NOUVELLE DES DOUCEURS DE JACQUEMART,EP,ROMANS SUR ISERE,26100,1072Z,31/12/2013,6 394,SOC NOUVELLE DES DOUCEURS DE JACQUEMAR,,24 RUE MARIE CURIE,qualite@douceurs-de-jacquemart.com,04 75 72 20 13,n.d.,"Fabrication de biscuits, biscottes et pâtisseries de conservation"
238.,,SGS AGRAL,ES,ROMANS SUR ISERE,26100,1073Z,,n.d.,SGS AGRAL,,38 RUE FELIX FAURE,contact@raviolesmeremaury.com,04 75 70 03 59,n.d.,Fabrication de pâtes alimentaires
88.,,SCEA LES BALMANS,EP,ROMANS SUR ISERE,26100,0111Z,30/06/2013,587,SCEA LES BALMANS,,CHARBESSE,,04 75 70 58 44,2,"Culture de céréales (à l'exception du riz), de légumineuses et de graines oléagineuses"
103.,,SARL EUGENE,EP,ROMANS SUR ISERE,26100,1071C,31/12/2011,467,SARL EUGENE,,27 AVENUE DU MAQUIS,,,n.d.,Boulangerie et boulangerie-pâtisserie
129.,,SARL COUTELIER,EP,ROMANS SUR ISERE,26100,1071C,31/12/2013,304,SARL COUTELIER,,18 CHEMIN DES CLERCS,,,2,Boulangerie et boulangerie-pâtisserie
5.,,SAINT JEAN,EP,ROMANS SUR ISERE,26100,1073Z,31/12/2013,54 801,SAINT JEAN,RAVIOLES ROYANS RAVIOLE ST JEAN ROYA,44 AVENUE DES ALLOBROGES,saint-jean@raviole.com,04 75 05 83 80,304,Fabrication de pâtes alimentaires
65.,,MOURIER,EP,ROMANS SUR ISERE,26100,1071C,31/12/2013,853,MOURIER,,39 RUE JACQUEMART,,04 75 02 32 29,n.d.,Boulangerie et boulangerie-pâtisserie
221.,,MOURIER,ES,ROMANS SUR ISERE,26100,1071C,,n.d.,MOURIER,,58 PLACE JEAN JAURES,,04 75 02 79 91,n.d.,Boulangerie et boulangerie-pâtisserie
217.,,LOJATI Ô FAIM GOURMET,ES,ROMANS SUR ISERE,26100,1071B,,n.d.,LOJATI,,38 PLACE JEAN JAURES,,,n.d.,Cuisson de produits de boulangerie
215.,,LE FOURNIL DE BRUNO LE PETRIN DAUPHINOIS,ES,ROMANS SUR ISERE,26100,1071C,,n.d.,LE FOURNIL DE BRUNO,,CHEMIN DES MEANNES,,,n.d.,Boulangerie et boulangerie-pâtisserie
80.,,LE FOURNIL DE BRUNO,EP,ROMANS SUR ISERE,26100,1071C,31/03/2014,671,LE FOURNIL DE BRUNO,,49 AVENUE JEAN MOULIN,,04 75 71 94 12,7,Boulangerie et boulangerie-pâtisserie
149.,,LE COEUR DU PAIN,EP,ROMANS SUR ISERE,26100,1071C,30/09/2013,257,LE COEUR DU PAIN,,64 AVENUE BERTHELOT,,04 75 02 35 92,2,Boulangerie et boulangerie-pâtisserie
62.,,LA SOLEIADE,EP,ROMANS SUR ISERE,26100,1071C,31/12/2014,882,LA SOLEIADE,,64 PLACE JEAN JAURES,,04 75 05 12 89,n.d.,Boulangerie et boulangerie-pâtisserie
17.,,FROMAGERIE ALPINE,EP,ROMANS SUR ISERE,26100,1051C,30/04/2014,10 298,FROMAGERIE ALPINE,,37 AVENUE DES ALLOBROGES,alpine.fromagerie@wanadoo.fr,04 75 70 01 01,30,Fabrication de fromage
146.,,EURL VINCENT,EP,ROMANS SUR ISERE,26100,1071C,31/03/2014,270,EURL VINCENT,,30 COURS PIERRE DIDIER,,04 75 05 57 98,n.d.,Boulangerie et boulangerie-pâtisserie
76.,,ETABLISSEMENTS CLEMENT,EP,ROMANS SUR ISERE,26100,0162Z,31/12/2013,695,ETABLISSEMENTS CLEMENT,,1 AVENUE DES ALLOBROGES,clementolivier1@free.fr,04 75 70 00 80,n.d.,Activités de soutien à la production animale
203.,,DELIFRANCE S A,ES,ROMANS SUR ISERE,26100,1071A,,n.d.,DELIFRANCE S A,3S,9 RUE NICOLAS APPERT,info@delifrance.com,,n.d.,Fabrication industrielle de pain et de pâtisserie fraîche
45.,,CTRE ABATT ROMANS BOUCH ELEV CHEVILLARDS,EP,ROMANS SUR ISERE,26100,1011Z,31/12/2013,1 414,CTRE ABATT ROMANS BOUCH ELEV CHEVILLAR,,8 AVENUE SALVADOR ALLENDE,,04 75 72 36 09,17,Transformation et conservation de la viande de boucherie
166.,,CREASUCRE,EP,ROMANS SUR ISERE,26100,1071C,30/09/2013,208,CREASUCRE,,5 ALLEE GEORGES BRASSENS,,,2,Boulangerie et boulangerie-pâtisserie
40.,,COULEUR CHOCOLAT,EP,ROMANS SUR ISERE,26100,1071D,30/09/2013,1 730,COULEUR CHOCOLAT,GUILLET,76 PLACE JEAN JAURES,info@guillet.com,04 75 02 26 80,n.d.,Pâtisserie
125.,,CHARCUTERIE JACQUIN,EP,ROMANS SUR ISERE,26100,1013B,30/09/2013,325,CHARCUTERIE JACQUIN,,9 AVENUE VICTOR HUGO,,04 75 02 04 97,6,Charcuterie
198.,,BOULANG PATISSERIE JEAN CHARLES PASCALIS LE FOUR A POGNES,ES,ROMANS SUR ISERE,26100,1071C,,n.d.,BOULANG PATISSERIE JEAN CHARLES PASCAL,,AVENUE VICTOR HUGO,info@pascalis.com,04 75 02 10 73,n.d.,Boulangerie et boulangerie-pâtisserie
188.,,BESSON,EP,SOYONS,07130,1071C,30/06/2013,95,BESSON,BOULANGERIE BESSON,295 AVENUE DES FRERES MONTGOLFIER,,04 75 61 08 33,n.d.,Boulangerie et boulangerie-pâtisserie
123.,,SARL SAU SER MA,EP,ST DONAT SUR L HERBASSE,26260,1013B,31/12/2013,333,SARL SAU SER MA,,6 RUE PASTEUR,,04 75 45 24 08,2,Charcuterie
233.,,SARL L EPI DORE L'EPI DORE,ES,ST DONAT SUR L HERBASSE,26260,1071C,,n.d.,SARL L EPI DORE,,,,04 75 45 25 94,n.d.,Boulangerie et boulangerie-pâtisserie
66.,,SARL L EPI DORE,EP,ST DONAT SUR L HERBASSE,26260,1071C,31/12/2013,853,SARL L EPI DORE,,COMBE OSTERNAUD,,04 75 45 25 94,n.d.,Boulangerie et boulangerie-pâtisserie
101.,,MARTINS ET FILS,EP,ST DONAT SUR L HERBASSE,26260,0161Z,31/12/2013,481,MARTINS ET FILS,,1501 ROUTE DE SAINT BARDOUX,,04 75 45 24 12,n.d.,Activités de soutien aux cultures
107.,,BOULANGERIE RONJAT,EP,ST DONAT SUR L HERBASSE,26260,1071C,30/09/2014,446,BOULANGERIE RONJAT,,42 RUE PASTEUR,,04 75 45 11 67,7,Boulangerie et boulangerie-pâtisserie
158.,,SARL HELIX EYRIEUX,EP,ST FORTUNAT SUR EYRIEUX,07360,1020Z,31/03/2014,223,SARL HELIX EYRIEUX,,PONTPIERRE,,04 75 65 21 80,n.d.,"Transformation et conservation de poisson, de crustacés et de mollusques"
236.,,SARL VALREGAL DOMAINE DU TURZON,ES,ST GEORGES LES BAINS,07800,1071D,,n.d.,SARL VALREGAL,JARLAUD AJ,QUARTIER CHAUSSON,,04 75 60 98 22,n.d.,Pâtisserie
111.,,AUX DELICES DE FABRICE,EP,ST GEORGES LES BAINS,07800,1071C,31/12/2013,411,AUX DELICES DE FABRICE,,CHEMIN DES COTES,,,6,Boulangerie et boulangerie-pâtisserie
229.,,SAINT JEAN,ES,ST JEAN EN ROYANS,26190,1073Z,,n.d.,SAINT JEAN,RAVIOLES ROYANS RAVIOLE ST JEAN ROYA,AVENUE DES PIONNIERS DU VERCORS,saint-jean@raviole.com,04 75 47 52 99,n.d.,Fabrication de pâtes alimentaires
151.,,UNIVERS FOURNIL,EP,ST MARCEL LES VALENCE,26320,1071C,30/09/2014,255,UNIVERS FOURNIL,,ROUTE LE PONT DE LA ROCHE,,04 75 83 51 37,5,Boulangerie et boulangerie-pâtisserie
8.,,PRODUITS ALIMENTAIRES MARKAL SA,EP,ST MARCEL LES VALENCE,26320,1061A,31/12/2013,39 101,PRODUITS ALIMENTAIRES MARKAL SA,,ROUTE NATIONALE 532,markal@markal.fr,04 75 58 72 20,53,Meunerie
35.,,MVP,EP,ST MARCEL LES VALENCE,26320,1061B,31/12/2013,1 856,MVP,,RUE DE L ETRAU,,04 75 58 94 43,n.d.,Autres activités du travail des grains
53.,,MICHEL ET DAMIEN BUISSON,EP,ST MARCEL LES VALENCE,26320,1013B,31/12/2013,1 124,MICHEL ET DAMIEN BUISSON,SARL MICHEL ET DAMIEN BUISSON,2 PLACE ALBERT CAMUS,,04 75 85 71 38,n.d.,Charcuterie
184.,,LA FAVORITE,EP,ST MARCEL LES VALENCE,26320,1071C,31/10/2014,168,LA FAVORITE,,RUE DU PEUPLIER,,,1,Boulangerie et boulangerie-pâtisserie
192.,,ALDO BOULANGERIE ALEXANDRE ET DOLORES,ES,ST MARCEL LES VALENCE,26320,1071C,,n.d.,ALDO,,RUE DE LA LIBERTE,,,n.d.,Boulangerie et boulangerie-pâtisserie
183.,,BOULANGERIE PATISSERIE NEBOIT,EP,ST MARTIN DE VALAMAS,07310,1071C,31/12/2013,169,BOULANGERIE PATISSERIE NEBOIT,,RUE DE LA PLAINE,,,3,Boulangerie et boulangerie-pâtisserie
230.,,SAINT PAULET VIGNOBLES,ES,ST PAUL LES ROMANS,26750,1102B,,n.d.,SAINT PAULET VIGNOBLES,,,,,n.d.,Vinification
170.,,LE MOULIN DES BLES,EP,ST PAUL LES ROMANS,26750,1071C,30/09/2014,203,LE MOULIN DES BLES,,ROUTE NATIONALE 92,,04 75 48 93 10,n.d.,Boulangerie et boulangerie-pâtisserie
41.,,PEPINIERES JACQUET,EP,ST PERAY,07130,0130Z,30/09/2014,1 725,PEPINIERES JACQUET,,CHEMIN DE LA PLAINE,pepjacquet@wanadoo.fr,04 75 81 80 70,n.d.,Reproduction de plantes
112.,,LA BOULANGERIE BF,EP,ST PERAY,07130,1071C,30/06/2014,409,LA BOULANGERIE BF,,AVENUE GROSS UMSTADT,,04 75 79 17 28,5,Boulangerie et boulangerie-pâtisserie
155.,,LA BAGUETTERIE,EP,ST PERAY,07130,1071C,30/09/2013,240,LA BAGUETTERIE,,767 AVENUE GROSS UMSTADT,,04 75 41 70 44,3,Boulangerie et boulangerie-pâtisserie
98.,,ELMOUTAWAKKIL,EP,ST PERAY,07130,0161Z,31/12/2013,493,ELMOUTAWAKKIL,,10 RUE RENE CASSIN,,,n.d.,Activités de soutien aux cultures
86.,,SARL BOBICHON,EP,ST RAMBERT D ALBON,26140,1071C,31/08/2014,598,SARL BOBICHON,,2 RUE DE L AVENIR,,,n.d.,Boulangerie et boulangerie-pâtisserie
179.,,SARL ROUSSET,EP,ST ROMAIN DE LERPS,07130,0161Z,31/12/2013,176,SARL ROUSSET,,PREAUX,,,1,Activités de soutien aux cultures
30.,,SARL TERRE ADELICE,EP,ST SAUVEUR DE MONTAGUT,07190,1052Z,31/12/2013,2 586,SARL TERRE ADELICE,,495 LE MOULINON,glaces@terre-adelice.eu,04 75 65 43 00,17,Fabrication de glaces et sorbets
178.,,LE FOURNIL DE GABIN,EP,ST SAUVEUR DE MONTAGUT,07190,1071C,30/09/2014,177,LE FOURNIL DE GABIN,,RUE DE L HORLOGE,,,n.d.,Boulangerie et boulangerie-pâtisserie
145.,,LA CHATAIGNERAIE,EP,ST SAUVEUR DE MONTAGUT,07190,1071C,31/12/2013,273,LA CHATAIGNERAIE,,GRANDE RUE,,04 75 65 42 75,4,Boulangerie et boulangerie-pâtisserie
156.,,SERVE ET FILS,EP,ST SORLIN EN VALLOIRE,26210,0161Z,31/12/2013,239,SERVE ET FILS,,790 ROUTE DES CHATAIGNIERS,,04 75 31 75 15,n.d.,Activités de soutien aux cultures
124.,,JACO'PAIN,EP,ST THOMAS EN ROYANS,26190,1071C,31/03/2013,329,JACO PAIN,,,,04 75 47 59 82,6,Boulangerie et boulangerie-pâtisserie
100.,,SARL MINOTERIE CHABERT,EP,ST UZE,26240,1061A,31/12/2013,486,SARL MINOTERIE CHABERT,,22 RUE DU STADE,,04 75 03 21 17,n.d.,Meunerie
172.,,SERRE-PALAYSI,EP,ST VALLIER,26240,1013B,30/09/2014,196,SERRE PALAYSI,CHARCUTERIE FROMAGERIE LA GALAURE,29 RUE DU PRESIDENT WILSON,,04 75 23 07 28,3,Charcuterie
77.,,SOCIETE D EXPLOITATION DES JAMBONS DE L HERMITAGE,EP,TAIN L HERMITAGE,26600,1013A,31/12/2014,692,SOC EXPLOITATION JAMBONS DE L HERMITAG,,33 AVENUE JULES NADI,,04 75 08 29 02,n.d.,Préparation industrielle de produits à base de viande
237.,,SAVIEL FRANCE,ES,TAIN L HERMITAGE,26600,1011Z,,n.d.,SAVIEL FRANCE,,AVENUE DES GRANDS CRUS,compta.janze@sva-jeanroze.fr,,n.d.,Transformation et conservation de la viande de boucherie
115.,,SARL FRANCK BROYER,EP,TAIN L HERMITAGE,26600,1071D,31/03/2014,380,SARL FRANCK BROYER,,72 AVENUE JEAN JAURES,,,n.d.,Pâtisserie
176.,,SARL ALLENO & CHAPOUTIER,EP,TAIN L HERMITAGE,26600,0121Z,31/12/2013,184,SARL ALLENO & CHAPOUTIER,,18 AVENUE DU DOCTEUR PAUL DURAND,,,n.d.,Culture de la vigne
227.,,PROGALIM (PRODUITS GASTRONOMIQUES DE LIMAGNE),ES,TAIN L HERMITAGE,26600,1012Z,,n.d.,PROGALIM (PRODUITS GASTRONOMIQUES DE,LIMAGNE),19 AVENUE DU DOCTEUR PAUL DURAND,commercial@domaine-de-limagne.com,,n.d.,Transformation et conservation de la viande de volaille
113.,,PITOT SARL,EP,TAIN L HERMITAGE,26600,1072Z,31/12/2013,397,PITOT SARL,GATEAU DAUPHINOIS,QUARTIER LES LOTS,,04 75 08 60 69,5,"Fabrication de biscuits, biscottes et pâtisseries de conservation"
87.,,MAISON DU TALMELIER,EP,TAIN L HERMITAGE,26600,1071C,31/03/2014,595,MAISON DU TALMELIER,LIEUDIT L ISLE,91 AVENUE GABRIEL PERI,,04 75 07 62 97,9,Boulangerie et boulangerie-pâtisserie
219.,,M CHAPOUTIER S A,ES,TAIN L HERMITAGE,26600,1102B,,n.d.,M CHAPOUTIER S A,,QUARTIER,chapoutier@chapoutier.com,,n.d.,Vinification
177.,,FOITY,EP,TAIN L HERMITAGE,26600,1071C,31/12/2013,181,FOITY,,6 PLACE DU TAUROBOLE,,,2,Boulangerie et boulangerie-pâtisserie
28.,,FERRATON PERE ET FILS,EP,TAIN L HERMITAGE,26600,1102B,31/12/2013,2 885,FERRATON PERE ET FILS,,13 RUE MAURICE DE LA SIZERANNE,,04 75 08 59 51,7,Vinification
10.,,CAVE TAIN L'HERMITAGE UNION DES PROPRIE,EP,TAIN L HERMITAGE,26600,1102B,31/07/2014,30 635,CAVE TAIN L HERMITAGE UNION DES PROPRI,CAVEE DE TAIN,ROUTE DE LARNAGE,commercial.france@cavedetain.com,04 75 08 20 87,n.d.,Vinification
165.,,C5 ALTENBERG,EP,TAIN L HERMITAGE,26600,0121Z,31/12/2013,211,C5 ALTENBERG,,18 AVENUE DU DOCTEUR PAUL DURAND,,04 75 08 28 65,3,Culture de la vigne
200.,,BSO,ES,TAIN L HERMITAGE,26600,1011Z,,n.d.,BSO,POLE DE LA VIANDE,QUARTIER LES LOTS,standard@despi.fr,04 75 08 50 35,n.d.,Transformation et conservation de la viande de boucherie
182.,,AC FRUIT - ASSOCIATION CREATION FRUITIERE,EP,TAIN L HERMITAGE,26600,0124Z,31/12/2013,170,AC FRUIT ASS CREATION FRUITIERE,,95 AVENUE DU VERCORS ET DE LA RESIST,,,n.d.,Culture de fruits à pépins et à noyau
54.,,VALGOURMET,EP,VALENCE,26000,1072Z,30/06/2013,1 100,VALGOURMET,,ALLEE JAMES JOULE,valgourmet@netcourrier.com,04 75 81 14 05,n.d.,"Fabrication de biscuits, biscottes et pâtisseries de conservation"
136.,,VALENCE CROUSTILLANT,EP,VALENCE,26000,1071D,30/09/2013,296,VALENCE CROUSTILLANT,,126 RUE CHATEAUVERT,,04 75 44 27 29,n.d.,Pâtisserie
13.,,UCC COFFEE FRANCE,EP,VALENCE,26000,1083Z,31/12/2013,24 220,UCC COFFEE FRANCE,,84 ALLEE BERNARD PALISSY,contact@ucc-coffee.fr,04 75 44 02 02,62,Transformation du thé et du café
152.,,SOCIETE ALGO,EP,VALENCE,26000,1071C,31/03/2014,245,SOCIETE ALGO,,68 AV MAL DE LATTRE DE TASSIGNY,,04 75 44 51 72,2,Boulangerie et boulangerie-pâtisserie
81.,,SARL BOSQUET,EP,VALENCE,26000,1071C,30/09/2013,660,SARL BOSQUET,BOSQUET,196 RUE FAVENTINES,,04 75 43 38 22,n.d.,Boulangerie et boulangerie-pâtisserie
102.,,SARL AU FOURNIL DE L'EUROPE,EP,VALENCE,26000,1071C,30/09/2014,478,SARL AU FOURNIL DE L EUROPE,CTRE COMMERCIAL L ARLEQUIN,PLACE DE L EUROPE,,04 75 42 28 64,9,Boulangerie et boulangerie-pâtisserie
57.,,POGNES NIVON,EP,VALENCE,26000,1071C,30/06/2014,1 044,POGNES NIVON,,17 AVENUE PIERRE SEMARD,info@nivon.com,04 75 44 03 37,n.d.,Boulangerie et boulangerie-pâtisserie
83.,,PATRIANE,EP,VALENCE,26000,1071B,31/12/2013,635,PATRIANE,LA MIE CALINE,10 BOULEVARD DU GENERAL DE GAULLE,,04 75 60 30 11,n.d.,Cuisson de produits de boulangerie
147.,,PATISSERIE ALAIN VIOLLET,EP,VALENCE,26000,1071D,30/09/2014,269,PATISSERIE ALAIN VIOLLET,,32 AVENUE DES AUREATS,,04 75 43 07 73,5,Pâtisserie
106.,,PARIS FRIAND F COLOMB,EP,VALENCE,26000,1071C,30/06/2013,450,PARIS FRIAND F COLOMB,,7 AVENUE PIERRE SEMARD,,04 75 44 06 76,n.d.,Boulangerie et boulangerie-pâtisserie
225.,,PARIS FRIAND F COLOMB,ES,VALENCE,26000,1071C,,n.d.,PARIS FRIAND F COLOMB,,5 RUE DES ALPES,,04 75 42 37 82,n.d.,Boulangerie et boulangerie-pâtisserie
75.,,OBRINGER SAS,EP,VALENCE,26000,1071C,30/06/2014,710,OBRINGER SAS,L ARTISAN,385 AVENUE VICTOR HUGO,,04 75 44 23 08,n.d.,Boulangerie et boulangerie-pâtisserie
135.,,LE PAIN DE SUCRE,EP,VALENCE,26000,1071C,30/06/2014,297,LE PAIN DE SUCRE,LE MOULIN DE CASSIE,95 AVENUE SADI CARNOT,,04 75 55 71 96,5,Boulangerie et boulangerie-pâtisserie
163.,,LE FOURNIL DE CHATEAUVERT,EP,VALENCE,26000,1071C,30/06/2014,217,LE FOURNIL DE CHATEAUVERT,,163 RUE CHATEAUVERT,,04 75 44 38 85,1,Boulangerie et boulangerie-pâtisserie
61.,,LE BRUNCH,EP,VALENCE,26000,1071C,31/12/2013,883,LE BRUNCH,,86 ROUTE DE BEAUVALLON,,04 75 83 49 14,15,Boulangerie et boulangerie-pâtisserie
173.,,LA PANICHAUDE,EP,VALENCE,26000,1071B,30/09/2014,196,LA PANICHAUDE,,18 RUE EMILE AUGIER,,04 75 42 15 40,2,Cuisson de produits de boulangerie
94.,,LA PAILLOUNETTE,EP,VALENCE,26000,1071C,30/06/2014,498,LA PAILLOUNETTE,,168 AVENUE VICTOR HUGO,,04 75 41 56 33,n.d.,Boulangerie et boulangerie-pâtisserie
85.,,LA COMPAGNIE DES GOURMANDS,EP,VALENCE,26000,1071C,30/06/2014,601,LA COMPAGNIE DES GOURMANDS,,22 AVENUE PIERRE SEMARD,,,n.d.,Boulangerie et boulangerie-pâtisserie
210.,,HM CLAUSE,ES,VALENCE,26000,0113Z,,n.d.,HM.CLAUSE,,ROUTE DE BEAUMONT,contact@hmclause.com,,n.d.,"Culture de légumes, de melons, de racines et de tubercules"
207.,,EUROPAGRO,ES,VALENCE,26000,1011Z,,n.d.,EUROPAGRO,,1 ALLEE GUGLIELMO MARCONI,ribes.europagro@orange.fr,04 75 41 05 33,n.d.,Transformation et conservation de la viande de boucherie
206.,,EUROGOURMET,ES,VALENCE,26000,1071A,,n.d.,EUROGOURMET,,ALLEE JAMES JOULE,,04 75 44 48 33,n.d.,Fabrication industrielle de pain et de pâtisserie fraîche
171.,,CHOCOLATERIE PATISSERIE PIERRE DEBROAS,EP,VALENCE,26000,1071D,30/06/2013,200,CHOCOLATERIE PATISSERIE PIERRE DEBROAS,,8 RUE DE L UNIVERSITE,,,n.d.,Pâtisserie
99.,,BOULANGERIE PATISSERIE SERRE,EP,VALENCE,26000,1071C,30/06/2013,492,BOULANGERIE PATISSERIE SERRE,AU PETIT FRIAND,13 GRANDE RUE,,04 75 43 44 16,9,Boulangerie et boulangerie-pâtisserie
39.,,BOULANGERIE BOURGUIGNON,EP,VALENCE,26000,1071A,31/12/2014,1 735,BOULANGERIE BOURGUIGNON,,25 RUE DIEUDONNE COSTES,info@boulangeriebourguignon.fr,04 75 56 60 12,n.d.,Fabrication industrielle de pain et de pâtisserie fraîche
109.,,B M J D,EP,VALENCE,26000,1071A,31/12/2013,440,B.M.J.D,LE FOURNIL DES COULEURES,ROUTE DE ROMANS,,04 75 40 00 00,n.d.,Fabrication industrielle de pain et de pâtisserie fraîche
193.,,ALTERPANIS HONORIN,ES,VALENCE,26000,1071C,,n.d.,ALTERPANIS,HONORIN BOULANGERIE,10 PLACE ARISTIDE BRIAND,,04 75 84 73 94,n.d.,Boulangerie et boulangerie-pâtisserie
119.,,ALDO,EP,VALENCE,26000,1071C,30/09/2013,370,ALDO,,21 RUE DU DOCTEUR ABEL,,04 75 80 96 73,2,Boulangerie et boulangerie-pâtisserie
191.,,ALAIN MILLIAT SAS ALAIN MILLIAT,ES,VALENCE,26000,1032Z,,n.d.,ALAIN MILLIAT,,17 ALLEE JAMES JOULE,j.dallosso@alain-milliat.com,,n.d.,Préparation de jus de fruits et légumes
190.,,AGRANA FRUIT FRANCE,ES,VALENCE,26000,1039B,,n.d.,AGRANA FRUIT FRANCE,,435 AVENUE VICTOR HUGO,info.fr@agrana.com,04 75 81 31 81,n.d.,Transformation et conservation de fruits
189.,,AGRANA FRUIT,ES,VALENCE,26000,1039B,,n.d.,AGRANA FRUIT,,435 AVENUE VICTOR HUGO,,,n.d.,Transformation et conservation de fruits
126.,,SEBASTIEN COURTIAL,EP,VERNOUX EN VIVARAIS,07240,1071C,28/02/2013,323,SEBASTIEN COURTIAL,,RUE MONTEVRAIN,,04 75 58 10 87,5,Boulangerie et boulangerie-pâtisserie
105.,,LES DELICES ARDECHOIS,EP,VERNOUX EN VIVARAIS,07240,1071C,30/06/2014,453,LES DELICES ARDECHOIS,,8 PLACE DE L EGLISE,,,4,Boulangerie et boulangerie-pâtisserie
18.,,GUEZE ETS,EP,VERNOUX EN VIVARAIS,07240,1013A,31/03/2014,9 328,GUEZE ETS,ETABLISSEMENTS GUEZE,CHEMIN DE GREIGNAC,gueze@wanadoo.fr,04 75 58 10 54,62,Préparation industrielle de produits à base de viande
195.,,AOSTE SNC OU A SNC,ES,VERNOUX EN VIVARAIS,07240,1013A,,n.d.,AOSTE SNC OU A SNC,JAMBON,RUE HENRI ABEL,recrutement@campofriofg.com,,n.d.,Préparation industrielle de produits à base de viande
